{"cameraMode":{"drawMode":0,"name":"Shaded","section":"Shading Mode"},"sceneLighting":false,"audioPlay":false,"sceneViewState":{"m_AlwaysRefresh":false,"showFog":false,"showSkybox":true,"showFlares":true,"showImageEffects":true,"showParticleSystems":true,"showVisualEffectGraphs":true,"m_FxEnabled":true},"in2DMode":false,"pivot":{"x":-15.328678131103516,"y":-7.332464218139648,"z":10.089681625366211},"rotation":{"x":0.17873109877109528,"y":-0.3361760973930359,"z":0.06514409929513931,"w":0.9223935604095459},"size":17.595523834228517,"orthographic":false}