{"cameraMode":{"drawMode":0,"name":"Shaded","section":"Shading Mode"},"sceneLighting":false,"audioPlay":false,"sceneViewState":{"showFog":false,"showMaterialUpdate":false,"showSkybox":true,"showFlares":true,"showImageEffects":true,"showParticleSystems":true},"in2DMode":false,"pivot":{"x":34.705413818359378,"y":-23.59375,"z":-7.2855224609375},"rotation":{"x":0.6876603364944458,"y":0.12599343061447144,"z":-0.12300140410661698,"w":0.7043647170066834},"size":24.249095916748048,"orthographic":true}